arch,quant_level,batch_size,resolution,peak_memory_mb,latency_ms_per_image,throughput_images_per_sec,accuracy,f1_macro,trial,peak_memory_is_theoretical
mobilenet_v2,fp32,3,224,34.26303999999999,266.09875600008917,3.758003288071234,0.9869095048377917,0.9831444369669281,1,False
mobilenet_v2,fp32,3,224,20.480000000000018,282.72158266666037,3.5370486772459766,0.9869095048377917,0.9831444369669281,2,False
mobilenet_v2,fp32,3,224,1.945600000000013,165.16533600011218,6.054539192166332,0.9869095048377917,0.9831444369669281,3,False
mobilenet_v2,int8,3,224,2.7197439999999915,147.35884533418962,6.7861552371161515,0.9795105293113261,0.9745265517928394,1,False
mobilenet_v2,int8,3,224,1.8472959999999716,147.98026133328676,6.757658021347604,0.9795105293113261,0.9745265517928394,2,False
mobilenet_v2,int8,3,224,1.896447999999964,147.45924266676107,6.781534896797696,0.9795105293113261,0.9745265517928394,3,False
mobilenet_v2,int4,3,224,1.126027,154.37019733246416,6.477934324630803,0.16676152532726238,0.09045959772625853,1,True
mobilenet_v2,int4,3,224,1.126027,151.54654533291856,6.5986327685873185,0.16676152532726238,0.09045959772625853,2,True
mobilenet_v2,int4,3,224,1.126027,168.33203999946514,5.940639702359559,0.16676152532726238,0.09045959772625853,3,True
mobilenet_v2,int3,3,224,0.84452025,153.46143466730913,6.516295134135244,0.07626636311895275,0.015514448463492233,1,True
mobilenet_v2,int3,3,224,0.84452025,151.86499599988264,6.584795880156431,0.07626636311895275,0.015514448463492233,2,True
mobilenet_v2,int3,3,224,0.84452025,163.57784933255365,6.11329714921854,0.07626636311895275,0.015514448463492233,3,True
mobilenet_v2,int2,3,224,0.5630135,153.7698733325427,6.5032244504578625,0.08081957882754695,0.016762946874198093,1,True
mobilenet_v2,int2,3,224,0.5630135,153.40758400037885,6.518582549331658,0.08081957882754695,0.016762946874198093,2,True
mobilenet_v2,int2,3,224,0.5630135,158.25835866698372,6.318781569725849,0.08081957882754695,0.016762946874198093,3,True
mobilenet_v2,1.58bit,3,224,0.444780665,151.80579066742212,6.5873639971403435,0.08594194649971543,0.007194587383266629,1,True
mobilenet_v2,1.58bit,3,224,0.444780665,151.51790266701332,6.599880162000871,0.08594194649971543,0.007194587383266629,2,True
mobilenet_v2,1.58bit,3,224,0.444780665,149.89119466704625,6.671505969522111,0.08594194649971543,0.007194587383266629,3,True
mobilenet_v2,1bit,3,224,0.28150675,148.34695466638854,6.740954017214978,0.03357996585088219,0.002953544253103725,1,True
mobilenet_v2,1bit,3,224,0.28150675,149.6453066666921,6.682468179421887,0.03357996585088219,0.002953544253103725,2,True
mobilenet_v2,1bit,3,224,0.28150675,154.82071466588727,6.4590839937540805,0.03357996585088219,0.002953544253103725,3,True
